{
  "name": "sync-sequential",
  "total_requests": 200,
  "passed": 200,
  "failed": 0,
  "errors": [],
  "min_ms": 140.8863067626953,
  "max_ms": 1065.345287322998,
  "avg_ms": 338.47018361091614,
  "p50_ms": 300.86469650268555,
  "p95_ms": 493.5555100440957,
  "p99_ms": 1030.9521770477293,
  "total_wall_seconds": 67.69529891014099,
  "throughput_rps": 2.9544149035442,
  "status_counts": {
    "200": 200
  }
}