{
  "name": "async-concurrent-50",
  "total_requests": 200,
  "passed": 200,
  "failed": 0,
  "errors": [],
  "min_ms": 27.659893035888672,
  "max_ms": 1383.6822509765625,
  "avg_ms": 331.08363151550293,
  "p50_ms": 190.22178649902344,
  "p95_ms": 972.552740573883,
  "p99_ms": 1317.4008512496946,
  "total_wall_seconds": 1.6142611503601074,
  "throughput_rps": 123.89569057979513,
  "status_counts": {
    "200": 200
  }
}