{
  "name": "async-concurrent-50",
  "total_requests": 200,
  "passed": 200,
  "failed": 0,
  "errors": [],
  "min_ms": 33.1263542175293,
  "max_ms": 1514.5750045776367,
  "avg_ms": 328.9816689491272,
  "p50_ms": 194.09286975860596,
  "p95_ms": 933.7718367576599,
  "p99_ms": 1363.5655283927917,
  "total_wall_seconds": 1.6073122024536133,
  "throughput_rps": 124.43133306316821,
  "status_counts": {
    "200": 200
  }
}