{
  "name": "sync-sequential",
  "total_requests": 200,
  "passed": 200,
  "failed": 0,
  "errors": [],
  "min_ms": 192.4140453338623,
  "max_ms": 2976.4459133148193,
  "avg_ms": 338.49985361099243,
  "p50_ms": 286.5309715270996,
  "p95_ms": 437.4643564224242,
  "p99_ms": 768.8495802879177,
  "total_wall_seconds": 67.70142078399658,
  "throughput_rps": 2.9541477517599817,
  "status_counts": {
    "200": 200
  }
}