{
  "total": 5,
  "passed": 5,
  "failed": 0,
  "min_ms": 31.635522842407227,
  "max_ms": 168.15471649169922,
  "avg_ms": 61.43512725830078,
  "total_retries": 0,
  "avg_retries_per_request": 0.0
}