{
  "total": 5,
  "passed": 5,
  "failed": 0,
  "min_ms": 227.2632122039795,
  "max_ms": 360.7628345489502,
  "avg_ms": 282.9015254974365,
  "total_retries": 0,
  "avg_retries_per_request": 0.0
}