{
  "total": 5,
  "passed": 5,
  "failed": 0,
  "min_ms": 242.1276569366455,
  "max_ms": 880.1379203796387,
  "avg_ms": 750.5009174346924,
  "total_retries": 0,
  "avg_retries_per_request": 0.0
}