{
  "total": 5,
  "passed": 5,
  "failed": 0,
  "min_ms": 248.89421463012695,
  "max_ms": 688.5626316070557,
  "avg_ms": 502.26311683654785,
  "total_retries": 0,
  "avg_retries_per_request": 0.0,
  "p50": 643.2168483734131,
  "p95": 687.1966361999512,
  "p99": 688.2894325256348
}