{
  "sync": {
    "pre_wall": 56.224390268325806,
    "post_wall": 68.62152457237244,
    "wall_ratio": 0.8193404419196216,
    "pre_throughput": 3.557175080877145,
    "post_throughput": 2.9145374027513458,
    "throughput_ratio": 0.8193404419196216,
    "pre_p50": 262.5623941421509,
    "post_p50": 286.76068782806396,
    "pre_p95": 389.0775442123413,
    "post_p95": 666.0544037818909
  },
  "sync_concurrent": {
    "pre_wall": 8.12787938117981,
    "post_wall": 10.465596199035645,
    "wall_ratio": 0.7766284143400025,
    "pre_throughput": 24.606664373379125,
    "post_throughput": 19.11023473449406,
    "throughput_ratio": 0.7766284143400025,
    "pre_p50": 411.57078742980957,
    "post_p50": 671.6151237487793,
    "pre_p95": 5192.990195751189,
    "post_p95": 10346.295392513275
  },
  "async": {
    "pre_wall": 1.4475562572479248,
    "post_wall": 1.3685200214385986,
    "wall_ratio": 1.0577530723490933,
    "pre_throughput": 138.16388758543823,
    "post_throughput": 146.14327658119205,
    "throughput_ratio": 1.0577530723490933,
    "pre_p50": 214.16163444519043,
    "post_p50": 130.39004802703857,
    "pre_p95": 1008.0280780792199,
    "post_p95": 1240.70166349411
  }
}