{
  "name": "async-concurrent-50",
  "total_requests": 200,
  "passed": 200,
  "failed": 0,
  "errors": [],
  "min_ms": 52.33621597290039,
  "max_ms": 2240.172863006592,
  "avg_ms": 445.8122992515564,
  "p50_ms": 189.30232524871826,
  "p95_ms": 1896.4843869209287,
  "p99_ms": 2186.9844245910645,
  "total_wall_seconds": 2.4833526611328125,
  "throughput_rps": 80.53628593724078,
  "status_counts": {
    "200": 200
  }
}