{
  "name": "sync-concurrent-50",
  "total_requests": 200,
  "passed": 200,
  "failed": 0,
  "errors": [],
  "min_ms": 225.175142288208,
  "max_ms": 10458.088636398315,
  "avg_ms": 1796.8119144439697,
  "p50_ms": 671.6151237487793,
  "p95_ms": 10346.295392513275,
  "p99_ms": 10455.877645015717,
  "total_wall_seconds": 10.465596199035645,
  "throughput_rps": 19.11023473449406,
  "status_counts": {
    "200": 200
  }
}