{
  "name": "async-concurrent-50",
  "total_requests": 200,
  "passed": 200,
  "failed": 0,
  "errors": [],
  "min_ms": 32.51051902770996,
  "max_ms": 1364.025592803955,
  "avg_ms": 294.1041576862335,
  "p50_ms": 130.39004802703857,
  "p95_ms": 1240.70166349411,
  "p99_ms": 1361.488802433014,
  "total_wall_seconds": 1.3685200214385986,
  "throughput_rps": 146.14327658119205,
  "status_counts": {
    "200": 200
  }
}