{
  "name": "sync-sequential",
  "total_requests": 200,
  "passed": 200,
  "failed": 0,
  "errors": [],
  "min_ms": 186.79404258728027,
  "max_ms": 1052.9677867889404,
  "avg_ms": 343.1016790866852,
  "p50_ms": 286.76068782806396,
  "p95_ms": 666.0544037818909,
  "p99_ms": 1037.6653909683228,
  "total_wall_seconds": 68.62152457237244,
  "throughput_rps": 2.9145374027513458,
  "status_counts": {
    "200": 200
  }
}