{
  "name": "sync-sequential",
  "total_requests": 200,
  "passed": 200,
  "failed": 0,
  "errors": [],
  "min_ms": 189.38612937927246,
  "max_ms": 10340.96646308899,
  "avg_ms": 435.66325187683105,
  "p50_ms": 285.7954502105713,
  "p95_ms": 447.17239141464216,
  "p99_ms": 5361.168501377105,
  "total_wall_seconds": 87.1340103149414,
  "throughput_rps": 2.2953149898312986,
  "status_counts": {
    "200": 200
  }
}