{
  "name": "async-concurrent-50",
  "total_requests": 200,
  "passed": 200,
  "failed": 0,
  "errors": [],
  "min_ms": 31.11720085144043,
  "max_ms": 1384.700059890747,
  "avg_ms": 257.4888575077057,
  "p50_ms": 152.84240245819092,
  "p95_ms": 763.1348371505717,
  "p99_ms": 1384.0236902236938,
  "total_wall_seconds": 1.3913722038269043,
  "throughput_rps": 143.74298943870613,
  "status_counts": {
    "200": 200
  }
}