{
  "name": "async-concurrent-50",
  "total_requests": 200,
  "passed": 200,
  "failed": 0,
  "errors": [],
  "min_ms": 37.3232364654541,
  "max_ms": 3039.5662784576416,
  "avg_ms": 617.4221169948578,
  "p50_ms": 376.2623071670532,
  "p95_ms": 1978.4301400184595,
  "p99_ms": 2622.8547096252437,
  "total_wall_seconds": 3.0496809482574463,
  "throughput_rps": 65.58063069327883,
  "status_counts": {
    "200": 200
  }
}