{
  "name": "sync-sequential",
  "total_requests": 200,
  "passed": 200,
  "failed": 0,
  "errors": [],
  "min_ms": 200.286865234375,
  "max_ms": 476.8044948577881,
  "avg_ms": 297.20083951950073,
  "p50_ms": 282.9422950744629,
  "p95_ms": 405.7341933250427,
  "p99_ms": 466.1472225189209,
  "total_wall_seconds": 59.44168949127197,
  "throughput_rps": 3.3646419156603327,
  "status_counts": {
    "200": 200
  }
}