{
  "name": "sync-sequential",
  "total_requests": 200,
  "passed": 200,
  "failed": 0,
  "errors": [],
  "min_ms": 207.74435997009277,
  "max_ms": 1446.2573528289795,
  "avg_ms": 297.00037121772766,
  "p50_ms": 269.7572708129883,
  "p95_ms": 392.6820993423462,
  "p99_ms": 426.6490459442137,
  "total_wall_seconds": 59.40144491195679,
  "throughput_rps": 3.3669214662443747,
  "status_counts": {
    "200": 200
  }
}