{
  "name": "async-concurrent-50",
  "total_requests": 200,
  "passed": 200,
  "failed": 0,
  "errors": [],
  "min_ms": 26.838302612304688,
  "max_ms": 1266.845703125,
  "avg_ms": 289.9070131778717,
  "p50_ms": 209.59997177124023,
  "p95_ms": 847.2058653831452,
  "p99_ms": 1263.7085938453674,
  "total_wall_seconds": 1.457218885421753,
  "throughput_rps": 137.24774088562225,
  "status_counts": {
    "200": 200
  }
}